-- phpMyAdmin SQL Dump
-- version 5.2.1
-- https://www.phpmyadmin.net/
--
-- Servidor: 127.0.0.1
-- Tiempo de generación: 18-12-2023 a las 00:55:47
-- Versión del servidor: 10.4.28-MariaDB
-- Versión de PHP: 8.1.17

SET SQL_MODE = "NO_AUTO_VALUE_ON_ZERO";
START TRANSACTION;
SET time_zone = "+00:00";


/*!40101 SET @OLD_CHARACTER_SET_CLIENT=@@CHARACTER_SET_CLIENT */;
/*!40101 SET @OLD_CHARACTER_SET_RESULTS=@@CHARACTER_SET_RESULTS */;
/*!40101 SET @OLD_COLLATION_CONNECTION=@@COLLATION_CONNECTION */;
/*!40101 SET NAMES utf8mb4 */;

--
-- Base de datos: `dbs12508294`
--

-- --------------------------------------------------------

--
-- Estructura de tabla para la tabla `carritos`
--

CREATE TABLE `carritos` (
  `id_carrito` int(11) NOT NULL,
  `id_usuario` int(11) NOT NULL,
  `id_producto` int(11) NOT NULL,
  `cantidad_producto` int(11) NOT NULL
) ENGINE=InnoDB DEFAULT CHARSET=utf8mb4 COLLATE=utf8mb4_general_ci;

--
-- Volcado de datos para la tabla `carritos`
--

INSERT INTO `carritos` (`id_carrito`, `id_usuario`, `id_producto`, `cantidad_producto`) VALUES
(8, 2, 26, 1),
(12, 2, 78, 1);

-- --------------------------------------------------------

--
-- Estructura de tabla para la tabla `comentarios`
--

CREATE TABLE `comentarios` (
  `id_comentario` int(11) NOT NULL,
  `id_usuario` int(11) NOT NULL,
  `id_producto` int(11) NOT NULL,
  `comentario` varchar(500) NOT NULL
) ENGINE=InnoDB DEFAULT CHARSET=utf8mb4 COLLATE=utf8mb4_general_ci;

--
-- Volcado de datos para la tabla `comentarios`
--

INSERT INTO `comentarios` (`id_comentario`, `id_usuario`, `id_producto`, `comentario`) VALUES
(1, 1, 10, 'xd'),
(2, 1, 35, 'caascsccsascacsacas'),
(3, 1, 37, 'xd'),
(4, 1, 25, 'aaaaaa');

-- --------------------------------------------------------

--
-- Estructura de tabla para la tabla `pedidos`
--

CREATE TABLE `pedidos` (
  `id_pedido` int(11) NOT NULL,
  `codigo_pedido` bigint(11) NOT NULL,
  `id_usuario` int(11) NOT NULL,
  `id_productos` int(11) NOT NULL,
  `cantidad_producto` int(11) NOT NULL,
  `total_pagar` decimal(10,0) NOT NULL,
  `fecha_pedido` date NOT NULL
) ENGINE=InnoDB DEFAULT CHARSET=utf8mb4 COLLATE=utf8mb4_general_ci;

--
-- Volcado de datos para la tabla `pedidos`
--

INSERT INTO `pedidos` (`id_pedido`, `codigo_pedido`, `id_usuario`, `id_productos`, `cantidad_producto`, `total_pagar`, `fecha_pedido`) VALUES
(7, 202312152012211, 1, 28, 2, 277, '2023-12-15'),
(8, 202312152012211, 1, 34, 1, 277, '2023-12-15'),
(9, 202312171416271, 1, 25, 1, 299, '2023-12-17'),
(10, 202312172244511, 1, 26, 1, 11041, '2023-12-17'),
(11, 202312172244511, 1, 34, 1, 11041, '2023-12-17'),
(12, 202312172244511, 1, 27, 47, 11041, '2023-12-17');

-- --------------------------------------------------------

--
-- Estructura de tabla para la tabla `productos`
--

CREATE TABLE `productos` (
  `id_producto` int(11) NOT NULL,
  `nombre_producto` varchar(100) NOT NULL,
  `nombreBusqueda_producto` varchar(300) NOT NULL,
  `existencias_producto` int(11) NOT NULL,
  `categoria_producto` varchar(40) NOT NULL,
  `marca_producto` varchar(30) NOT NULL,
  `imagenURL_producto` varchar(500) NOT NULL,
  `precio_producto` decimal(10,0) NOT NULL,
  `descripcion_producto` varchar(500) NOT NULL,
  `sexo_producto` varchar(10) NOT NULL
) ENGINE=InnoDB DEFAULT CHARSET=utf8mb4 COLLATE=utf8mb4_general_ci;

--
-- Volcado de datos para la tabla `productos`
--

INSERT INTO `productos` (`id_producto`, `nombre_producto`, `nombreBusqueda_producto`, `existencias_producto`, `categoria_producto`, `marca_producto`, `imagenURL_producto`, `precio_producto`, `descripcion_producto`, `sexo_producto`) VALUES
(6, 'DOLCE GABBANNA BOLSO VERDE', 'DOLCE GABBANNA BOLSO VERDEBOLSOSDOLCE_GABBANNAMUJER', 54, 'BOLSOS', 'DOLCE_GABBANNA', 'assets/img/articulos/DOLCE_GABBANNA/id_6.webp', 100, 'DOLCE GABBANNA BOLSO VERDE MUJER', 'MUJER'),
(9, 'DOLCE GABBANNA CAMISETA NEGRA LETTERS', 'DOLCE GABBANNA CAMISETA NEGRA LETTERSCAMISETASDOLCE_GABBANNAHOMBRE', 40, 'CAMISETAS', 'DOLCE_GABBANNA', 'assets/img/articulos/DOLCE_GABBANNA/id_9.webp', 80, 'DOLCE GABBANNA CAMISETA NEGRA LETTERS HOMBRE', 'HOMBRE'),
(10, 'DOLCE GABBANNA CAMISETA NEGRA', 'DOLCE GABBANNA CAMISETA NEGRACAMISETASDOLCE_GABBANNAHOMBRE', 44, 'CAMISETAS', 'DOLCE_GABBANNA', 'assets/img/articulos/DOLCE_GABBANNA/id_10.webp', 70, 'DOLCE GABBANNA CAMISETA NEGRA HOMBRE', 'HOMBRE'),
(11, 'DOLCE GABBANNA CAMISETA NEGRA DORADA', 'DOLCE GABBANNA CAMISETA NEGRA DORADACAMISETASDOLCE_GABBANNAHOMBRE', 48, 'CAMISETAS', 'DOLCE_GABBANNA', 'assets/img/articulos/DOLCE_GABBANNA/id_11.webp', 70, 'DOLCE GABBANNA CAMISETA NEGRA DORADA HOMBRE', 'HOMBRE'),
(12, 'DOLCE GABBANNA PANTALON BLANCO', 'DOLCE GABBANNA PANTALON BLANCOPANTALONESDOLCE_GABBANNAHOMBRE', 50, 'PANTALONES', 'DOLCE_GABBANNA', 'assets/img/articulos/DOLCE_GABBANNA/id_12.webp', 70, 'DOLCE GABBANNA PANTALON BLANCO HOMBRE', 'HOMBRE'),
(13, 'DOLCE GABBANNA PANTALON NEGRO', 'DOLCE GABBANNA PANTALON NEGROP', 55, 'PANTALONES', 'DOLCE_GABBANNA', 'assets/img/articulos/DOLCE_GABBANNA/id_13.webp', 80, 'DOLCE GABBANNA PANTALON NEGRO HOMBRE', 'HOMBRE'),
(14, 'DOLCE GABBANNA PANTALON BLANCO COMIC', 'DOLCE GABBANNA PANTALON BLANCO', 57, 'PANTALONES', 'DOLCE_GABBANNA', 'assets/img/articulos/DOLCE_GABBANNA/id_14.webp', 80, 'DOLCE GABBANNA PANTALON BLANCO COMIC HOMBRE', 'HOMBRE'),
(15, 'DOLCE GABBANNA ZAPATILLAS DG', 'DOLCE GABBANNA ZAPATILLAS DGZA', 60, 'ZAPATILLAS', 'DOLCE_GABBANNA', 'assets/img/articulos/DOLCE_GABBANNA/id_15.webp', 110, 'DOLCE GABBANNA ZAPATILLAS DG HOMBRE', 'HOMBRE'),
(16, 'DOLCE GABBANNA ZAPATILLAS BLANCAS DG', 'DOLCE GABBANNA ZAPATILLAS BLANCAS DGZAPATILLASDOLCE_GABBANNAHOMBRE', 63, 'ZAPATILLAS', 'DOLCE_GABBANNA', 'assets/img/articulos/DOLCE_GABBANNA/id_16.webp', 110, 'DOLCE GABBANNA ZAPATILLAS BLANCAS DG HOMBRE', 'HOMBRE'),
(17, 'DOLCE GABBANNA ZAPATILLAS NEGRAS DG', 'DOLCE GABBANNA ZAPATILLAS NEGR', 65, 'ZAPATILLAS', 'DOLCE_GABBANNA', 'assets/img/articulos/DOLCE_GABBANNA/id_17.webp', 120, 'DOLCE GABBANNA ZAPATILLAS NEGRAS DG HOMBRE', 'HOMBRE'),
(18, 'DOLCE GABBANNA BOLSO ROSA', 'DOLCE GABBANNA BOLSO ROSABOLSO', 67, 'BOLSOS', 'DOLCE_GABBANNA', 'assets/img/articulos/DOLCE_GABBANNA/id_18.webp', 100, 'DOLCE GABBANNA BOLSO ROSA MUJER', 'MUJER'),
(19, 'DOLCE GABBANNA BOLSO NEGRO', 'DOLCE GABBANNA BOLSO NEGROBOLS', 83, 'BOLSOS', 'DOLCE_GABBANNA', 'assets/img/articulos/DOLCE_GABBANNA/id_19.webp', 90, '0DOLCE GABBANNA BOLSO NEGRO MUJER', 'MUJER'),
(25, 'GUCCI BOLSO MARRON', 'GUCCI BOLSO MARRONBOLSOSGUCCIHOMBRE', 43, 'BOLSOS', 'GUCCI', 'assets/img/articulos/GUCCI/id_25.webp', 299, 'GUCCI BOLSO MARRON HOMBRE', 'HOMBRE'),
(26, 'GUCCI BOLSO DE MANO MARRON  ', 'GUCCI BOLSO DE MANO MARRON  BOLSOSGUCCIMUJER', 43, 'BOLSOS', 'GUCCI', 'assets/img/articulos/GUCCI/id_26.webp', 199, 'GUCCI BOLSO MARRON PEQUEÑO MUJER', 'MUJER'),
(27, 'GUCCI BOLSO DE MANO NEGRO ', 'GUCCI BOLSO DE MANO NEGRO BOLSOSGUCCIMUJER', 60, 'BOLSOS', 'GUCCI', 'assets/img/articulos/GUCCI/id_27.webp', 229, 'GUCCI BOLSO NEGRO PEQUEÑO MUJER ', 'MUJER'),
(28, 'GUCCI CAMISETA CLASICA', 'GUCCI CAMISETA CLASICACAMISETASGUCCIHOMBRE', 84, 'CAMISETAS', 'GUCCI', 'assets/img/articulos/GUCCI/id_28.webp', 99, 'GUCCI CAMISETA CLASICA HOMBRE', 'HOMBRE'),
(29, 'GUCCI CAMISETA CLASICA HOMBRE', 'GUCCI CAMISETA CLASICA HOMBRECAMISETASGUCCIHOMBRE', 84, 'CAMISETAS', 'GUCCI', 'assets/img/articulos/GUCCI/id_29.webp', 95, 'GUCCI CAMISETA CLASICA HOMBRE', 'HOMBRE'),
(30, 'GUCCI CAMISETA MARRON', 'GUCCI CAMISETA MARRONCAMISETASGUCCIHOMBRE', 75, 'CAMISETAS', 'GUCCI', 'assets/img/articulos/GUCCI/id_30.webp', 95, 'GUCCI CAMISETA MARRON HOMBRE', 'HOMBRE'),
(31, 'GUCCI PANTALON CLASICO', 'GUCCI PANTALON CLASICOPANTALONESGUCCIHOMBRE', 56, 'PANTALONES', 'GUCCI', 'assets/img/articulos/GUCCI/id_31.webp', 79, 'GUCCI PANTALON CLASICO HOMBRE', 'HOMBRE'),
(32, 'GUCCI PANTALON CLASICO AZUL', 'GUCCI PANTALON CLASICO AZULPANTALONESGUCCIHOMBRE', 60, 'PANTALONES', 'GUCCI', 'assets/img/articulos/GUCCI/id_32.webp', 79, 'GUCCI PANTALON CLASICO AZUL HOMBRE', 'HOMBRE'),
(34, 'GUCCI PANTALON CLASICO MARRON', 'GUCCI PANTALON CLASICO MARRONPANTALONESGUCCIHOMBRE', 59, 'PANTALONES', 'GUCCI', 'assets/img/articulos/GUCCI/id_34.webp', 79, 'GUCCI PANTALON CLASICO HOMBRE', 'HOMBRE'),
(35, 'GUCCI ZAPATILLAS BLANCAS', 'GUCCI ZAPATILLAS BLANCASZAPATILLASGUCCIHOMBRE', 63, 'ZAPATILLAS', 'GUCCI', 'assets/img/articulos/GUCCI/id_35.webp', 159, 'GUCCI ZAPATILLAS BLANCAS HOMBRE', 'HOMBRE'),
(36, 'GUCCI ZAPATILLAS NEGRAS', 'GUCCI ZAPATILLAS NEGRASZAPATILLASGUCCIHOMBRE', 66, 'ZAPATILLAS', 'GUCCI', 'assets/img/articulos/GUCCI/id_36.webp', 159, 'GUCCI ZAPATILLAS NEGRAS HOMBRE', 'HOMBRE'),
(37, 'GUCCI ZAPATILLAS BLANCAS PERLAS', 'GUCCI ZAPATILLAS BLANCAS PERLASZAPATILLASGUCCIMUJER', 69, 'ZAPATILLAS', 'GUCCI', 'assets/img/articulos/GUCCI/id_37.webp', 219, 'GUCCI ZAPATILLAS BLANCAS PERLAS MUJER', 'MUJER'),
(38, 'JORDAN CAMISETA NEGRA', 'JORDAN CAMISETA NEGRACAMISETASJORDANHOMBRE', 85, 'CAMISETAS', 'JORDAN', 'assets/img/articulos/JORDAN/id_38.webp', 69, 'CAMISETA JORDAN NEGRA', 'HOMBRE'),
(39, 'CAMISETA JORDAN NEGRA DOS', 'CAMISETA JORDAN NEGRA DOSCAMISETASJORDANHOMBRE', 79, 'CAMISETAS', 'JORDAN', 'assets/img/articulos/JORDAN/id_39.webp', 89, 'CAMISETA JORDAN NEGRA DOS HOMBRE', 'HOMBRE'),
(40, 'CAMISETA JORDAN AZUL', 'CAMISETA JORDAN AZULCAMISETASJORDANHOMBRE', 76, 'CAMISETAS', 'JORDAN', 'assets/img/articulos/JORDAN/id_40.webp', 99, 'CAMISETA JORDAN AZUL HOMBRE', 'HOMBRE'),
(41, 'JORDAN PANTALON CORTO ROJO', 'JORDAN PANTALON CORTO ROJOPANTALONESJORDANHOMBRE', 99, 'PANTALONES', 'JORDAN', 'assets/img/articulos/JORDAN/id_41.webp', 69, 'JORDAN PANTALON CORTO ROJO HOMBRE', 'HOMBRE'),
(42, 'JORDAN PANTALON CORTO NEGRO', 'JORDAN PANTALON CORTO NEGROPANTALONESJORDANHOMBRE', 89, 'PANTALONES', 'JORDAN', 'assets/img/articulos/JORDAN/id_42.webp', 69, 'JORDAN PANTALON CORTO NEGRO HOMBRE', 'HOMBRE'),
(43, 'JORDAN PANTALON LARGO NEGRO', 'JORDAN PANTALON LARGO NEGROPANTALONESJORDANHOMBRE', 89, 'PANTALONES', 'JORDAN', 'assets/img/articulos/JORDAN/id_43.webp', 79, 'JORDAN PANTALON LARGO NEGRO HOMBRE', 'HOMBRE'),
(44, 'JORDAN ZAPATILLAS NIÑO BLANCAS', 'JORDAN ZAPATILLAS NIÑO BLANCASZAPATILLASJORDANHOMBRE', 65, 'ZAPATILLAS', 'JORDAN', 'assets/img/articulos/JORDAN/id_44.webp', 99, 'JORDAN ZAPATILLAS NIÑO BLANCAS', 'HOMBRE'),
(45, 'JORDAN ZAPATILLAS NIÑO CREMA', 'JORDAN ZAPATILLAS NIÑO CREMAZAPATILLASJORDANHOMBRE', 65, 'ZAPATILLAS', 'JORDAN', 'assets/img/articulos/JORDAN/id_45.webp', 99, 'JORDAN ZAPATILLAS NIÑO CREMA', 'HOMBRE'),
(46, 'JORDAN ZAPATILLAS ROJAS', 'JORDAN ZAPATILLAS ROJASZAPATILLASJORDANHOMBRE', 44, 'ZAPATILLAS', 'JORDAN', 'assets/img/articulos/JORDAN/id_46.webp', 109, 'JORDAN ZAPATILLAS NIÑO ROJAS', 'HOMBRE'),
(47, 'JORDAN ZAPATILLAS LAKERS', 'JORDAN ZAPATILLAS LAKERSZAPATILLASJORDANHOMBRE', 30, 'ZAPATILLAS', 'JORDAN', 'assets/img/articulos/JORDAN/id_47.webp', 129, 'JORDAN ZAPATILLAS LAKERS HOMBRE', 'HOMBRE'),
(48, 'JORDAN ZAPATILLAS CELESTES', 'JORDAN ZAPATILLAS CELESTESZAPATILLASJORDANHOMBRE', 39, 'ZAPATILLAS', 'JORDAN', 'assets/img/articulos/JORDAN/id_48.webp', 139, 'JORDAN ZAPATILLAS CELESTES HOMBRE', 'HOMBRE'),
(49, 'LEVIS BOLSO NEGRO', 'LEVIS BOLSO NEGROBOLSOSLEVISMUJER', 67, 'BOLSOS', 'LEVIS', 'assets/img/articulos/LEVIS/id_49.webp', 59, 'LEVIS BOLSO NEGRO MUJER', 'MUJER'),
(50, 'LEVIS BOLSO JEAN', 'LEVIS BOLSO JEANBOLSOSLEVISMUJER', 65, 'BOLSOS', 'LEVIS', 'assets/img/articulos/LEVIS/id_50.webp', 69, 'LEVIS BOLSO JEAN MUJER', 'MUJER'),
(51, 'LEVIS BOLSO CREMA', 'LEVIS BOLSO CREMABOLSOSLEVISMUJER', 71, 'BOLSOS', 'LEVIS', 'assets/img/articulos/LEVIS/id_51.webp', 59, 'LEVIS BOLSO CREMA MUJER', 'MUJER'),
(52, 'LEVIS CAMISETA BLANCA', 'LEVIS CAMISETA BLANCACAMISETASLEVISHOMBRE', 72, 'CAMISETAS', 'LEVIS', 'assets/img/articulos/LEVIS/id_52.webp', 49, 'LEVIS CAMISETA BLANCA HOMBRE', 'HOMBRE'),
(53, 'LEVIS CAMISETA BLANCA DOS', 'LEVIS CAMISETA BLANCA DOSCAMISETASLEVISHOMBRE', 74, 'CAMISETAS', 'LEVIS', 'assets/img/articulos/LEVIS/id_53.webp', 49, 'LEVIS CAMISETA BLANCA 2 HOMBRE', 'HOMBRE'),
(54, 'LEVIS CAMISETA BLANCA CLASICA', 'LEVIS CAMISETA BLANCA CLASICACAMISETASLEVISHOMBRE', 76, 'CAMISETAS', 'LEVIS', 'assets/img/articulos/LEVIS/id_54.webp', 49, 'LEVIS CAMISETA BLANCA CLASICA HOMBRE', 'HOMBRE'),
(55, 'LEVIS VAQUEROS AZULES', 'LEVIS VAQUEROS AZULESPANTALONESLEVISHOMBRE', 46, 'PANTALONES', 'LEVIS', 'assets/img/articulos/LEVIS/id_55.webp', 89, 'LEVIS VAQUEROS AZULES HOMBRE', 'HOMBRE'),
(56, 'LEVIS VAQUEROS AZULES CLAROS', 'LEVIS VAQUEROS AZULES CLAROSPANTALONESLEVISHOMBRE', 42, 'PANTALONES', 'LEVIS', 'assets/img/articulos/LEVIS/id_56.webp', 89, 'LEVIS VAQUEROS AZULES CLAROS HOMBRE', 'HOMBRE'),
(57, 'LEVIS VAQUEROS AZULES OSCUROS', 'LEVIS VAQUEROS AZULES OSCUROSPANTALONESLEVISHOMBRE', 37, 'PANTALONES', 'LEVIS', 'assets/img/articulos/LEVIS/id_57.webp', 89, 'LEVIS VAQUEROS AZULES OSCUROS HOMBRE', 'HOMBRE'),
(58, 'LEVIS ZAPATILLAS CREMAS', 'LEVIS ZAPATILLAS CREMASZAPATILLASLEVISHOMBRE', 34, 'ZAPATILLAS', 'LEVIS', 'assets/img/articulos/LEVIS/id_58.webp', 99, 'LEVIS ZAPATILLAS CREMAS HOMBRE', 'HOMBRE'),
(59, 'LEVIS ZAPATILLAS CELESTES', 'LEVIS ZAPATILLAS CELESTESZAPATILLASLEVISHOMBRE', 31, 'ZAPATILLAS', 'LEVIS', 'assets/img/articulos/LEVIS/id_59.webp', 99, 'LEVIS ZAPATILLAS CELESTES HOMBRE', 'HOMBRE'),
(60, 'LEVIS ZAPATILLAS BLANCAS', 'LEVIS ZAPATILLAS BLANCASZAPATILLASLEVISHOMBRE', 25, 'ZAPATILLAS', 'LEVIS', 'assets/img/articulos/LEVIS/id_60.webp', 99, 'LEVIS ZAPATILLAS BLANCAS HOMBRE', 'HOMBRE'),
(61, 'LOUIS VUITTON CAMISETA BLANCA', 'LOUIS VUITTON CAMISETA BLANCACAMISETASLOUIS_VUITTONHOMBRE', 23, 'CAMISETAS', 'LOUIS_VUITTON', 'assets/img/articulos/LOUIS_VUITTON/id_61.webp', 79, 'LOUIS VUITTON CAMISETA BLANCA HOMBRE', 'HOMBRE'),
(62, 'LOUIS VUITTON CAMISETA SNOOPY', 'LOUIS VUITTON CAMISETA SNOOPYCAMISETASLOUIS_VUITTONHOMBRE', 21, 'CAMISETAS', 'LOUIS_VUITTON', 'assets/img/articulos/LOUIS_VUITTON/id_62.webp', 79, 'LOUIS VUITTON CAMISETA BLANCA SNOOPY HOMBRE', 'HOMBRE'),
(63, 'LOUIS VUITTON CAMISETA NEGRA', 'LOUIS VUITTON CAMISETA NEGRACAMISETASLOUIS_VUITTONHOMBRE', 19, 'CAMISETAS', 'LOUIS_VUITTON', 'assets/img/articulos/LOUIS_VUITTON/id_63.webp', 79, 'LOUIS VUITTON CAMISETA NEGRA HOMBRE', 'HOMBRE'),
(65, 'LOUIS VUITTON PANTALON NEGRO', 'LOUIS VUITTON PANTALON NEGROPANTALONESLOUIS_VUITTONHOMBRE', 21, 'PANTALONES', 'LOUIS_VUITTON', 'assets/img/articulos/LOUIS_VUITTON/id_65.webp', 99, 'LOUIS VUITTON PANTALON NEGRO HOMBRE', 'HOMBRE'),
(66, 'LOUIS VUITTON PANTALON CELESTE', 'LOUIS VUITTON PANTALON CELESTEPANTALONESLOUIS_VUITTONMUJER', 21, 'PANTALONES', 'LOUIS_VUITTON', 'assets/img/articulos/LOUIS_VUITTON/id_66.webp', 99, 'LOUIS VUITTON PANTALON CELESTE MUJER', 'MUJER'),
(67, 'LOUIS VUITTON PANTALON NARANJA', 'LOUIS VUITTON PANTALON NARANJAPANTALONESLOUIS_VUITTONMUJER', 24, 'PANTALONES', 'LOUIS_VUITTON', 'assets/img/articulos/LOUIS_VUITTON/id_67.webp', 99, 'LOUIS VUITTON PANTALON NARANJA MUJER', 'MUJER'),
(68, 'LOUIS VUITTON ZAPATILLAS ROJAS', 'LOUIS VUITTON ZAPATILLAS ROJASZAPATILLASLOUIS_VUITTONMUJER', 26, 'ZAPATILLAS', 'LOUIS_VUITTON', 'assets/img/articulos/LOUIS_VUITTON/id_68.webp', 129, 'LOUIS VUITTON ZAPATILLAS ROJAS MUJER', 'MUJER'),
(69, 'LOUIS VUITTON ZAPATILLAS AZULES', 'LOUIS VUITTON ZAPATILLAS AZULESZAPATILLASLOUIS_VUITTONHOMBRE', 26, 'ZAPATILLAS', 'LOUIS_VUITTON', 'assets/img/articulos/LOUIS_VUITTON/id_69.webp', 129, 'LOUIS VUITTON ZAPATILLAS AZULES HOMBRE', 'HOMBRE'),
(70, 'LOUIS VUITTON ZAPATILLAS NEGRAS', 'LOUIS VUITTON ZAPATILLAS NEGRASZAPATILLASLOUIS_VUITTONHOMBRE', 24, 'ZAPATILLAS', 'LOUIS_VUITTON', 'assets/img/articulos/LOUIS_VUITTON/id_70.webp', 129, 'LOUIS VUITTON ZAPATILLAS NEGRAS HOMBRE', 'HOMBRE'),
(71, 'NIKE CAMISETA BLANCA AIR', 'NIKE CAMISETA BLANCA AIRCAMISETASNIKEHOMBRE', 29, 'CAMISETAS', 'NIKE', 'assets/img/articulos/NIKE/id_71.webp', 79, 'NIKE CAMISETA BLANCA AIR HOMBRE', 'HOMBRE'),
(72, 'NIKE CAMISETA BLANCA CLASICA', 'NIKE CAMISETA BLANCA CLASICACAMISETASNIKEHOMBRE', 23, 'CAMISETAS', 'NIKE', 'assets/img/articulos/NIKE/id_72.webp', 69, 'NIKE CAMISETA BLANCA CLASICA', 'HOMBRE'),
(73, 'NIKE CAMISETA AZUL', 'NIKE CAMISETA AZULCAMISETASNIKEHOMBRE', 27, 'CAMISETAS', 'NIKE', 'assets/img/articulos/NIKE/id_73.webp', 69, 'NIKE CAMISETA AZUL', 'HOMBRE'),
(74, 'NIKE PANTALON GRIS', 'NIKE PANTALON GRISPANTALONESNIKEHOMBRE', 20, 'PANTALONES', 'NIKE', 'assets/img/articulos/NIKE/id_74.webp', 89, 'NIKE PANTALON GRIS HOMBRE', 'HOMBRE'),
(75, 'NIKE PANTALON CORTO BLANCO', 'NIKE PANTALON CORTO BLANCOPANTALONESNIKEHOMBRE', 15, 'PANTALONES', 'NIKE', 'assets/img/articulos/NIKE/id_75.webp', 59, 'NIKE PANTALON CORTO BLANCO', 'HOMBRE'),
(76, 'NIKE PANTALON LARGO ROJO', 'NIKE PANTALON LARGO ROJOPANTALONESNIKEHOMBRE', 9, 'PANTALONES', 'NIKE', 'assets/img/articulos/NIKE/id_76.webp', 59, 'NIKE PANTALON LARGO ROJO', 'HOMBRE'),
(77, 'NIKE ZAPATILLAS NEGRAS', 'NIKE ZAPATILLAS NEGRASZAPATILLASNIKEHOMBRE', 12, 'ZAPATILLAS', 'NIKE', 'assets/img/articulos/NIKE/id_77.webp', 109, 'NIKE ZAPATILLAS NEGRAS', 'HOMBRE'),
(78, 'NIKE ZAPATILLAS CELESTES', 'NIKE ZAPATILLAS CELESTESZAPATILLASNIKEHOMBRE', 16, 'ZAPATILLAS', 'NIKE', 'assets/img/articulos/NIKE/id_78.webp', 109, 'NIKE ZAPATILLAS CELESTES', 'HOMBRE'),
(79, 'NIKE ZAPATILLAS LOGO AMARILLO', 'NIKE ZAPATILLAS LOGO AMARILLOZAPATILLASNIKEHOMBRE', 7, 'ZAPATILLAS', 'NIKE', 'assets/img/articulos/NIKE/id_79.webp', 109, 'NIKE ZAPATILLAS LOGO AMARILLO', 'HOMBRE'),
(80, 'POLO BOLSO MARRON', 'POLO BOLSO MARRONBOLSOSPOLOMUJER', 5, 'BOLSOS', 'POLO', 'assets/img/articulos/POLO/id_80.webp', 99, 'POLO BOLSO MARRON MUJER', 'MUJER'),
(81, 'POLO BOLSO CREMA', 'POLO BOLSO CREMABOLSOSPOLOMUJER', 40, 'BOLSOS', 'POLO', 'assets/img/articulos/POLO/id_81.webp', 99, 'POLO BOLSO CREMA MUJER', 'MUJER'),
(82, 'POLO BOLSO OSO', 'POLO BOLSO OSOBOLSOSPOLOMUJER', 43, 'BOLSOS', 'POLO', 'assets/img/articulos/POLO/id_82.webp', 69, 'POLO BOLSO OSO MUJER', 'MUJER'),
(83, 'POLO CAMISETA NEGRA', 'POLO CAMISETA NEGRACAMISETASPOLOHOMBRE', 34, 'CAMISETAS', 'POLO', 'assets/img/articulos/POLO/id_83.webp', 89, 'POLO CAMISETA NEGRA HOMBRE', 'HOMBRE'),
(84, 'POLO CAMISETA ROSA', 'POLO CAMISETA ROSACAMISETASPOLOHOMBRE', 34, 'CAMISETAS', 'POLO', 'assets/img/articulos/POLO/id_84.webp', 89, 'POLO CAMISETA ROSA HOMBRE', 'HOMBRE'),
(85, 'POLO CAMISETA NEGRA LOGO ROJO', 'POLO CAMISETA NEGRA LOGO ROJOCAMISETASPOLOHOMBRE', 36, 'CAMISETAS', 'POLO', 'assets/img/articulos/POLO/id_85.webp', 79, 'POLO CAMISETA NEGRA LOGO ROJO HOMBRE', 'HOMBRE'),
(86, 'POLO ZAPATILLAS BLANCAS CLASICAS', 'POLO ZAPATILLAS BLANCAS CLASICASZAPATILLASPOLOHOMBRE', 39, 'ZAPATILLAS', 'POLO', 'assets/img/articulos/POLO/id_86.webp', 79, 'POLO ZAPATILLAS BLANCAS CLASICAS HOMBRE', 'HOMBRE'),
(87, 'POLO ZAPATILLAS BLANCAS', 'POLO ZAPATILLAS BLANCASZAPATILLASPOLOHOMBRE', 42, 'ZAPATILLAS', 'POLO', 'assets/img/articulos/POLO/id_87.webp', 79, 'POLO ZAPATILLAS BLANCAS HOMBRE', 'HOMBRE'),
(88, 'POLO ZAPATILLAS AZULES', 'POLO ZAPATILLAS AZULESZAPATILLASPOLOHOMBRE', 17, 'ZAPATILLAS', 'POLO', 'assets/img/articulos/POLO/id_88.webp', 69, 'POLO ZAPATILLAS AZULES HOMBRE', 'HOMBRE');

-- --------------------------------------------------------

--
-- Estructura de tabla para la tabla `usuarios`
--

CREATE TABLE `usuarios` (
  `id_usuario` int(11) NOT NULL,
  `correo_usuario` varchar(80) NOT NULL,
  `contrasena_usuario` varchar(80) NOT NULL,
  `nombre_usuario` varchar(40) NOT NULL,
  `apellido_usuario` varchar(60) NOT NULL,
  `telefono_usuario` int(12) NOT NULL,
  `direccion_usuario` varchar(100) NOT NULL,
  `ciudad_usuario` varchar(40) NOT NULL,
  `provincia_usuario` varchar(30) NOT NULL,
  `codigo_postal_usuario` int(5) NOT NULL
) ENGINE=InnoDB DEFAULT CHARSET=utf8mb4 COLLATE=utf8mb4_general_ci;

--
-- Volcado de datos para la tabla `usuarios`
--

INSERT INTO `usuarios` (`id_usuario`, `correo_usuario`, `contrasena_usuario`, `nombre_usuario`, `apellido_usuario`, `telefono_usuario`, `direccion_usuario`, `ciudad_usuario`, `provincia_usuario`, `codigo_postal_usuario`) VALUES
(1, 'ben281909@gmail.com', '$2y$10$yeD078JT506Ikd7XGIw6ge.Zv8EPWLOUUwWKtF0dAQ4NJPZ3.ILTO', 'Paolo', 'Saavedra', 624040225, 'Calle aleatoria', 'Getafe', 'Madrid', 28904),
(2, 'Admin@admin.com', '$2y$10$35z/NJYrm0a6uRqnXMHytuRDio2rmxGzYyNwfvrcMvXVnIEGgrfV2', 'admin', 'admin', 273291833, 'admin', 'Alatoz', 'Albacete', 29323);

--
-- Índices para tablas volcadas
--

--
-- Indices de la tabla `carritos`
--
ALTER TABLE `carritos`
  ADD PRIMARY KEY (`id_carrito`);

--
-- Indices de la tabla `comentarios`
--
ALTER TABLE `comentarios`
  ADD PRIMARY KEY (`id_comentario`);

--
-- Indices de la tabla `pedidos`
--
ALTER TABLE `pedidos`
  ADD PRIMARY KEY (`id_pedido`);

--
-- Indices de la tabla `productos`
--
ALTER TABLE `productos`
  ADD PRIMARY KEY (`id_producto`),
  ADD UNIQUE KEY `nombre_producto` (`nombre_producto`);

--
-- Indices de la tabla `usuarios`
--
ALTER TABLE `usuarios`
  ADD PRIMARY KEY (`id_usuario`),
  ADD UNIQUE KEY `contrasena` (`correo_usuario`);

--
-- AUTO_INCREMENT de las tablas volcadas
--

--
-- AUTO_INCREMENT de la tabla `carritos`
--
ALTER TABLE `carritos`
  MODIFY `id_carrito` int(11) NOT NULL AUTO_INCREMENT, AUTO_INCREMENT=13;

--
-- AUTO_INCREMENT de la tabla `comentarios`
--
ALTER TABLE `comentarios`
  MODIFY `id_comentario` int(11) NOT NULL AUTO_INCREMENT, AUTO_INCREMENT=5;

--
-- AUTO_INCREMENT de la tabla `pedidos`
--
ALTER TABLE `pedidos`
  MODIFY `id_pedido` int(11) NOT NULL AUTO_INCREMENT, AUTO_INCREMENT=13;

--
-- AUTO_INCREMENT de la tabla `productos`
--
ALTER TABLE `productos`
  MODIFY `id_producto` int(11) NOT NULL AUTO_INCREMENT, AUTO_INCREMENT=89;

--
-- AUTO_INCREMENT de la tabla `usuarios`
--
ALTER TABLE `usuarios`
  MODIFY `id_usuario` int(11) NOT NULL AUTO_INCREMENT, AUTO_INCREMENT=4;
COMMIT;

/*!40101 SET CHARACTER_SET_CLIENT=@OLD_CHARACTER_SET_CLIENT */;
/*!40101 SET CHARACTER_SET_RESULTS=@OLD_CHARACTER_SET_RESULTS */;
/*!40101 SET COLLATION_CONNECTION=@OLD_COLLATION_CONNECTION */;
